1	1
2	1
3	1
a	1909
abashed	1
abide	2
able	26
abode	2
about	170
above	14
absence	1
abundance	1
accident	1
accidentally	1
accomplish	1
accomplished	1
accord	2
according	4
accordingly	2
account	7
accursed	1
accused	3
acknowledge	1
acquaintance	2
across	15
act	1
actually	3
add	3
added	2
admiring	1
admitted	1
ado	1
adopt	1
adrift	4
advanced	1
advantage	1
adventure	1
adventures	1
advice	12
afar	6
affair	1
affairs	1
affected	1
afishing	1
afraid	22
after	144
afternoon	1
afterwards	27
again	282
against	25
age	1
aged	3
ago	5
agree	3
agreed	26
ah	56
aha	2
ahead	1
ahunting	1
aid	4
ailed	1
ails	2
aim	1
aimed	2
air	25
alarm	1
alarmed	4
alas	38
ale	14
alight	1
alighted	5
alike	2
alive	19
all	582
allgone	4
allhow	1
allow	4
allowed	10
allskin	1
almost	8
alms	1
alone	35
along	33
aloud	5
already	36
also	39
alsothat	1
altar	1
alter	1
although	8
altogether	3
always	40
am	151
amazed	2
ambassador	1
ambush	1
amends	1
amicably	1
amid	2
amidst	1
amiss	1
among	20
amongst	7
amuse	2
amused	1
amusement	1
an	133
and	5446
angel	2
angels	3
anger	5
angered	1
angrily	3
angry	21
animal	3
animals	8
announced	8
anointed	1
another	73
answer	10
answered	114
answers	1
antechamber	5
anthill	1
antking	3
ants	4
anvil	3
anxiety	3
anxious	2
any	79
anybody	1
anyone	23
anything	45
anywhere	1
apiece	1
apish	1
appear	6
appeared	4
appeased	3
appetite	2
apple	29
appledumplings	1
apples	17
appletree	1
appoint	1
appointed	1
apprentices	1
approach	2
approached	3
approaching	2
apron	10
are	220
arise	1
arm	6
armies	1
armour	3
armourbearer	1
arms	12
army	3
arose	8
around	15
arrange	1
arrangements	1
arranging	1
arrive	1
arrived	9
arrogance	1
arrow	3
art	17
arts	3
as	769
ascend	2
ascended	2
ascending	1
ashamed	3
ashengrey	1
ashes	22
ashheap	1
ashore	1
ashputtel	16
ashputtels	1
aside	7
ask	30
asked	128
asking	1
asks	3
asleep	63
ass	20
assembled	3
asses	2
assigned	1
assist	1
assistance	1
assumed	1
assured	2
astonished	7
astonishment	3
at	619
ate	39
attempt	3
attempted	1
attendance	1
attendants	3
attended	1
attention	1
attracted	1
au	1
aught	1
avail	3
avarice	1
await	2
awaiting	1
awake	7
awaken	5
awakened	5
aware	3
away	291
awful	1
awhile	2
awkward	1
awoke	30
axe	11
b	3
baby	3
back	152
backs	1
backward	1
backwards	6
bacon	6
bad	19
bade	10
badly	3
bag	6
bake	3
baked	4
baker	2
bakers	3
bakingday	1
bale	1
ball	22
ballroom	1
balls	1
band	1
bandylegs	1
bank	7
bar	3
barefaced	1
barely	1
bargain	16
bargained	1
bargains	2
bark	4
barked	2
barking	1
barn	2
barons	1
barrel	11
barrels	2
basket	5
baskets	1
basted	1
bath	1
bathed	1
bathinghouse	1
battle	5
battlefield	1
bawl	1
bawled	1
be	529
beak	3
beam	3
bean	5
beans	3
bear	40
beard	15
beardcleaner	1
bearded	1
bearer	1
bears	3
bearskin	1
beast	14
beasts	17
beat	6
beaten	4
beating	1
beauteous	1
beautiful	123
beautifully	7
beauty	8
became	41
because	24
beckoned	1
become	21
bed	74
bedchamber	4
bedroom	3
beds	7
bedside	1
bedtime	2
bee	1
beef	1
been	144
beer	15
bees	3
beesnest	1
befall	1
befallen	4
befell	2
before	175
befriended	1
beg	12
began	117
beggar	1
begged	25
begging	1
begin	9
beginning	4
begins	1
begun	1
behave	14
behaved	3
behaviour	2
beheld	2
behind	72
behold	5
being	18
beings	2
belaboured	1
believe	7
believed	6
bell	4
bellow	1
bells	4
belly	3
belong	2
belonged	7
belonging	1
belongs	3
beloved	6
below	16
bemoaned	1
bench	5
benches	3
bend	1
beneath	14
benjamin	1
bent	6
berries	4
beside	12
besides	4
besmeared	1
besought	2
bespoke	1
best	29
bestir	1
bestow	2
bethought	3
betimes	2
betook	2
betray	2
betrayed	1
betrothed	12
better	50
between	13
bewail	2
bewailed	3
bewailing	2
beware	2
bewitched	3
beyond	1
bid	9
bidden	1
bidding	2
bier	1
big	28
bigger	7
biggest	2
billows	1
bills	2
bind	5
binds	1
birches	1
bird	113
birds	29
birth	6
bit	8
bite	3
bites	1
bits	1
bitter	4
bitterly	6
black	38
blackbird	2
blacken	1
blackened	1
blame	1
blamed	1
blaze	1
blazed	1
blazing	1
bleated	2
bled	1
bleed	1
bless	5
blessed	2
blessing	2
blew	6
blind	2
blinded	2
blockhead	1
blood	32
bloody	1
bloom	1
blooming	1
blossoms	1
blow	29
blowest	1
blowing	2
blown	1
blows	3
blue	14
blythe	1
boar	10
board	1
boast	2
boastfully	1
boat	16
boats	1
bobbins	1
bodies	3
body	12
boil	2
boiled	2
boiling	5
bold	1
bolder	1
boldly	3
bolt	4
bolted	1
bond	3
bone	2
bones	13
bonnet	1
bony	1
book	4
boon	7
boots	7
booty	2
bore	6
born	7
borne	1
borrowed	1
bosom	2
both	36
bottle	7
bottom	18
bough	2
boughs	2
bought	11
bound	14
bounded	2
bow	11
bowl	3
box	7
boxes	1
boy	64
boys	6
braided	1
braids	3
brains	1
branch	6
branches	13
brass	1
bravely	1
bravery	1
bravo	1
brayed	1
braying	2
bread	43
breadcrumbs	1
breadshovel	1
break	12
breaking	1
breast	4
breath	3
breathe	2
breathed	1
bred	1
breezes	6
brethren	2
brew	1
briar	7
bridal	1
bride	56
bridegroom	8
bridegrooms	2
bridge	5
bridle	2
bright	7
brighten	1
brighter	1
brightly	3
brightness	1
brilliant	2
bring	73
bringing	2
brings	1
brink	3
brisker	2
briskly	2
broad	5
broke	19
broken	13
brooch	2
brood	2
brook	8
broom	2
broomstick	1
broth	6
brother	41
brothers	36
brought	91
brown	8
bruised	1
brush	1
brushed	2
brushes	1
brushwood	2
brute	1
bucket	1
bucketful	2
buckets	2
budded	1
buffetings	1
build	2
built	8
bundle	2
bundles	1
bung	2
burden	2
buried	5
burn	4
burning	13
burnished	1
burns	1
burnt	9
burst	6
bury	5
bush	9
bushes	3
bushy	1
busily	1
business	11
bustle	1
bustled	1
busy	2
busybody	1
but	895
butcher	5
butchers	1
butler	3
butter	10
buttered	1
butterflies	1
buttons	7
buy	11
buyers	1
buzz	1
buzzed	1
by	291
byandby	1
byways	1
c	2
cabbageleaf	1
cabbages	1
cabin	6
cage	15
cages	4
cake	13
cakes	8
calendar	1
calf	16
call	3
called	96
calling	5
calls	1
calm	1
calves	1
came	460
can	145
candle	2
cannot	49
cant	11
cap	17
capered	1
capering	2
capital	3
captain	1
carcase	1
cardinals	1
cardplaying	1
cards	2
care	56
cared	2
careful	2
carefully	6
carelessly	1
carelessness	1
cares	1
caring	1
carpenter	2
carriage	13
carried	43
carries	1
carry	40
carrying	7
cart	17
carter	18
carts	1
carve	1
case	6
cask	12
casket	1
casketopen	1
casks	2
cast	5
castle	82
cat	66
catch	8
catches	2
catching	3
catherine	16
catherines	1
cats	6
catskin	15
caught	25
cauldron	2
cause	5
caused	8
cave	5
cavern	2
caves	1
caw	2
cease	2
ceased	1
ceasing	1
celebrate	2
celebrated	6
cellar	21
cellarful	1
ceremony	2
certain	7
certaini	1
certainly	14
chafed	2
chaffinch	2
chaffinchs	1
chain	10
chains	2
chair	8
chairs	3
chalk	1
challenge	1
chamber	18
chamberlain	3
chamberlains	1
chambers	2
chance	5
chanced	3
chandelier	4
change	7
changed	12
chanticleer	33
chap	1
chapel	1
charge	1
charging	1
charm	5
charming	2
chase	1
chat	2
chatter	2
chattering	2
chatting	2
cheap	2
cheated	2
cheating	1
cheek	2
cheeks	4
cheer	2
cheerful	3
cheerfully	1
cheese	15
cheeses	2
cherrytree	1
chest	7
chestnut	2
chestnuthorse	1
chests	2
chicken	5
chickens	6
chicks	1
chief	1
child	79
childless	1
children	78
childs	4
chilly	1
chimney	4
chimneys	2
chin	1
chirping	3
choked	5
choose	5
chop	2
chose	1
chosen	2
christendom	1
christened	2
christening	4
christmastime	1
chuckle	1
chuckled	1
church	12
churchyard	1
cinder	2
cindercake	2
cinderella	1
cinders	2
circle	6
circled	1
circulate	1
cistern	1
city	11
civil	1
civilly	1
clack	6
clad	1
clambered	2
clap	1
clapped	2
clapping	1
class	1
clatter	3
clave	1
claw	4
claws	1
clean	9
cleaned	2
clear	8
cleared	1
cleft	1
clerks	1
clever	26
cleverly	1
cleverness	2
click	6
climb	3
climbed	13
climbing	2
clip	1
cloak	23
clock	4
clockcase	3
clod	1
clods	1
clogs	1
close	28
closed	7
closet	5
cloth	6
clothed	1
clothes	30
clothing	2
cloud	2
clouds	3
club	1
clumsily	2
clumsy	4
clung	1
clutched	2
coach	6
coachhouse	1
coachman	2
coal	7
coals	4
coarse	1
coast	1
coat	17
cobbler	1
cock	16
cockadoodledoo	2
cockcrow	1
coffin	6
coffins	1
coiled	1
coin	1
cold	15
collapsed	1
collar	4
collected	2
colour	1
colours	3
comb	4
combd	3
combed	2
combing	2
combs	1
come	187
comely	1
comer	1
comes	27
comest	1
comfort	2
comfortably	3
comforted	10
comical	1
coming	26
command	2
commanded	2
commanderinchief	1
commands	3
common	3
companies	1
companion	5
companions	2
company	8
compared	2
compassion	1
compassionate	2
compelled	2
complain	1
complained	3
comrade	6
comrades	3
concealed	4
conceited	1
conceive	1
concern	1
concerned	1
concert	2
condemned	3
condition	3
conducted	1
confessed	2
confidential	1
confined	1
conquer	1
conquered	1
conscience	1
conscious	1
consecrated	1
consent	2
consented	7
consequence	1
considerably	1
consideration	1
considered	2
constable	1
constantly	1
constraint	1
consulted	1
consumed	1
contained	1
containing	1
contemptuously	1
content	3
contented	3
contentedly	2
continually	6
continue	2
continued	6
contrast	1
contrive	5
control	1
conversation	3
conveyed	1
cook	62
cooked	8
cooking	6
cooks	1
cool	7
coolly	1
copperred	1
copse	1
cord	6
cords	1
corn	6
corner	22
cost	9
costly	4
cottage	18
cottagedoor	1
couch	4
coughing	1
could	260
council	1
counsel	13
counselled	1
count	2
counted	3
counteract	1
countless	1
countries	1
country	26
countryman	14
counts	2
couple	3
courage	2
course	3
court	36
courteously	2
courtiers	4
courtyard	10
cousin	6
cover	4
covered	10
covering	1
cow	28
coward	1
cowardly	1
cowbeef	1
cowherd	7
cowhouse	1
cowhouses	1
cowkeep	1
cows	9
coxcomb	1
crabb	4
crabs	1
crabshells	1
crack	3
cracked	2
crackle	1
craft	5
craftily	1
craftsmen	1
crafty	2
crash	2
crawl	1
crawled	4
creature	8
creatures	3
credentials	1
creep	2
creeping	3
crept	19
crevice	1
crew	1
cried	153
cries	2
croak	2
croaked	3
croaking	3
crookshanks	1
cross	2
crossed	3
crosses	1
crossing	1
crosslegged	1
crossroads	1
crossways	1
crouched	1
crowd	4
crowed	3
crown	2
crowned	1
crowns	2
crows	1
cruel	3
cruelty	2
crumbled	1
crumbs	3
crumbstealer	1
crushed	3
crutches	1
cry	11
crying	17
crystal	1
cudgel	3
cudgelled	1
cuffings	1
cunning	3
cunningest	1
cup	14
cupboard	3
cups	1
cur	1
curdken	8
curdkens	5
cure	3
cured	1
curiosity	2
curious	2
curl	1
curld	3
curled	2
curling	3
curse	1
cursed	1
cursing	1
curtain	1
curtains	2
curtsied	2
cushion	2
custom	3
customer	1
cut	78
cutting	1
cuttingboard	3
cuttingknife	1
daily	3
daintily	1
dainty	5
dale	2
dales	3
dame	6
dance	21
danced	23
danceyou	1
dancing	17
danger	5
dangerous	3
dangerously	1
dangling	2
dare	9
dared	8
dares	1
dark	24
darker	1
darkest	1
darkgrey	1
darkness	4
darling	5
darted	1
darting	2
dash	1
dashed	1
daughter	89
daughters	16
dawdle	1
dawn	2
dawned	4
day	184
daybreak	6
daylight	6
days	25
daytime	1
dazzling	3
dead	58
deadly	1
deal	12
dear	57
dearer	1
dearest	10
dearly	6
dearth	2
death	26
deceive	1
deceived	2
decent	1
decide	1
decided	1
decision	1
deck	1
decked	1
declare	1
declared	3
decree	1
deed	2
deeds	2
deep	18
deeper	4
deepest	2
deeply	2
deer	5
defended	1
degrees	1
delay	2
delayed	1
delicate	3
delicious	1
delight	2
delighted	8
delightful	3
delightfully	1
delivered	1
deliverer	2
demand	1
demanded	1
den	4
denounce	1
deny	2
depart	1
departed	1
departure	1
depend	1
depended	1
depthhast	1
derry	1
descend	4
descended	2
describing	1
desert	2
deserted	1
deserve	3
deserved	1
deserves	3
design	1
desire	11
desired	4
despair	2
despised	1
destroyed	1
detail	1
determined	4
devil	4
devour	6
devoured	5
dew	1
dewdrop	1
diamonds	7
did	210
die	21
died	25
different	4
difficult	2
difficulty	2
dig	5
diligent	1
dim	3
dininghall	1
dinner	14
dinners	1
dinnertime	2
dipped	1
direct	1
direction	2
directly	3
dirt	2
dirtiest	1
dirty	13
dirtylooking	1
disappeared	5
discern	1
disclosed	1
discourse	1
discover	4
discovered	3
disenchanted	2
disfigure	1
disguises	1
disgusted	1
dish	21
disheartened	1
dishes	7
dishful	1
dislike	1
dismal	1
dismay	1
dismissal	2
dismissed	2
dismounted	1
dispatched	1
disposed	1
disposition	1
dispute	1
disputed	1
disreputable	1
distance	4
distinguished	1
distress	3
district	2
disturbing	1
dived	2
divide	1
divided	1
divine	1
do	285
dobbin	1
doctor	18
doctored	1
does	30
dog	40
dogs	16
doing	20
dolefully	1
done	84
donkey	2
dont	29
doom	2
door	132
doors	6
dost	3
doublet	2
doubt	6
dough	2
dove	14
dovehe	1
doves	9
down	324
downhearted	1
downstairs	3
dowry	1
drag	4
dragged	7
dragging	4
dragon	14
drags	1
drain	2
drank	19
draught	15
draw	24
drawer	2
drawers	1
drawing	4
drawn	4
dread	4
dreaded	2
dreadful	4
dreadfully	4
dream	11
dreaming	2
dreams	1
dreamt	2
dreary	2
dress	19
dressed	12
dresses	4
dressesof	1
dressing	1
drew	36
drink	47
drinking	5
dripping	1
drive	7
driven	5
driving	7
droll	1
drolllooking	1
drop	10
dropped	8
dropping	1
drops	3
drove	26
drown	2
drowned	6
drums	1
drunk	3
drunken	1
dry	11
ducat	2
ducats	2
duck	20
ducks	5
dug	4
dukes	2
dull	1
dumb	1
dummling	22
dumpling	1
dungeon	2
dunghill	1
during	6
dusky	1
dusty	1
duty	1
dwarf	60
dwarfs	19
dwell	2
dwelling	3
dwelt	4
dying	1
each	77
eager	2
eagerly	2
eagerness	1
eagle	3
ear	9
earliest	1
earls	2
early	21
earn	11
earned	1
earnestly	1
earning	1
earnings	1
ears	12
earth	16
earthenware	3
ease	7
easeone	1
easily	10
east	2
easy	15
eat	93
eaten	28
eaters	1
eating	14
eats	2
ebony	4
ecclesiastics	1
echoed	1
edge	5
efforts	1
egg	7
eggbreak	1
eggs	9
eggshells	1
eight	8
either	10
elbow	1
elbows	1
elder	6
eldest	31
eldestand	1
eleven	6
eleventh	2
elf	1
ells	1
else	21
elsie	27
elsies	1
elves	2
embarked	1
embassies	1
embers	1
embrace	1
embraced	2
embroidered	1
emperor	11
employed	1
emptied	5
empty	13
emptying	1
enable	1
enchanted	9
enchantment	6
enchantress	15
end	39
ended	2
ending	1
endless	1
ends	1
endured	1
enemies	2
enemy	6
enemys	3
engaged	2
engraved	1
enjoy	9
enjoyed	2
enormous	1
enough	52
enraged	1
entangled	1
enter	4
entered	11
entering	1
entertained	1
entice	3
enticed	1
entire	3
entirely	3
entrance	2
entreat	1
entreated	3
entreaties	2
entreaty	1
envied	1
envious	1
envy	3
equal	2
equally	2
equipped	2
errand	1
escape	8
escaped	5
espied	2
espying	1
esteemed	1
even	32
evening	68
event	1
eventide	1
ever	28
everincreasing	1
every	72
everybody	5
everyone	14
everything	43
everywhere	6
evil	12
exactly	5
excellence	1
excellent	2
exception	1
exchange	2
exchanged	1
excites	1
exclaimed	1
excuse	3
excuses	2
executed	1
exerted	1
expatiated	1
expected	3
expedient	1
experience	1
explain	1
eye	2
eyes	63
face	42
faces	1
fact	1
fail	2
fainting	1
fair	13
fairer	1
fairest	7
fairies	7
fairly	1
fairy	21
fairys	4
faith	1
faithful	17
faithfully	3
faithfulness	1
falada	16
faladas	2
fall	38
fallen	17
falling	3
falls	3
false	11
famed	1
familiar	2
family	2
famine	1
famous	2
fancied	2
fancies	1
fancy	1
fanned	1
far	30
fare	7
fared	3
faring	1
farmer	6
farmyard	1
farther	18
farthings	1
fascinated	1
fast	71
fasten	1
fastened	4
faster	6
fastest	1
fat	25
fate	5
fated	1
father	161
fathers	22
fatigue	3
fatten	1
fattening	1
fault	1
favour	5
favoured	1
favourite	1
fear	27
feared	2
fearfully	1
fears	1
feast	34
feasted	1
feasting	2
feather	8
feathers	11
fed	1
feeble	1
feed	4
feeding	1
feel	22
feeling	4
feels	1
feet	23
feigning	1
fell	130
felled	3
fellow	25
fellows	3
felt	31
ferry	1
festival	2
fetch	28
fetched	11
fetching	2
few	13
fewer	1
fickle	1
fiddle	9
fiddler	10
field	11
fieldflowers	2
fields	11
fiend	1
fierce	2
fiercely	1
fiery	5
fifteen	1
fifteenth	1
fifth	9
fifty	5
fig	1
fight	3
fighting	7
figure	4
fill	5
filled	9
filthy	1
finally	1
find	76
finding	6
fine	54
finely	1
finer	2
finest	5
finger	35
fingers	10
finish	4
finished	10
firapples	1
fire	70
fireplace	3
fires	1
fireside	2
firewood	1
firm	2
firmly	2
first	101
firtrees	1
fish	36
fished	1
fisherman	26
fishes	5
fishing	1
fishingline	1
fishpond	2
fit	4
fits	1
fitted	2
five	9
fix	1
fixed	4
flakes	1
flame	1
flames	7
flapping	1
flashed	2
flashing	1
flask	2
fled	2
flee	3
fleecy	1
flesh	6
flew	61
flies	7
fliesman	1
flight	2
fling	1
flings	1
float	1
floated	1
flock	10
flocks	1
floor	11
florins	2
flour	1
flow	2
flowed	1
flower	20
flowering	1
flowers	14
flown	3
flurry	1
flutter	1
fluttered	1
fluttering	2
fly	14
flying	9
flys	1
foam	2
foaming	1
foliage	1
folk	1
folks	4
follow	11
followed	26
followers	1
following	10
follows	1
folly	2
fond	10
font	1
food	27
fool	6
foolish	2
foolishly	1
fools	3
foot	19
footing	1
footplank	2
for	745
forbade	1
forbid	2
forbidden	2
force	3
forced	30
forefeet	1
foreign	1
forest	83
forester	6
forestthe	1
forestwe	1
foretell	2
foretold	2
forfeit	1
forfeited	1
forge	1
forget	6
forgets	1
forgetting	2
forgive	3
forgiven	1
forgot	11
forgotten	9
fork	2
forks	1
forlorn	1
form	11
formed	1
former	2
forms	4
forsake	2
forsaken	1
forth	35
forthwith	2
fortress	1
fortunately	2
fortune	12
fortunes	1
forward	10
forwards	6
foul	1
found	119
fountain	3
four	31
fourfooted	2
fourteen	1
fourth	4
fourthly	1
fowl	3
fowlers	1
fowls	8
fox	82
foxs	4
frame	1
frederick	25
free	35
freed	3
freeze	1
fresh	6
fretted	1
friend	33
friendly	7
friends	6
friendship	1
fright	5
frighten	1
frightened	29
frightful	1
frightfully	2
frock	6
frog	17
frogprince	1
frogs	3
frolic	1
frolickd	1
from	196
front	15
frontispiece	1
frozen	1
fruit	3
fruits	2
fry	2
fuel	3
fulfilled	8
full	52
fully	3
fun	2
fundevogel	13
funny	1
fur	10
furious	4
furnish	1
furnished	1
furniture	1
furrows	1
furs	1
furskin	1
further	9
fury	1
future	1
gaily	1
gain	1
gainall	1
gained	1
gains	1
gale	1
gallery	1
gallop	2
galloped	4
gallows	8
game	9
gang	1
gangest	3
gaping	2
garden	45
gardener	13
gardeners	6
gardens	2
garland	3
garret	1
gasping	2
gate	23
gates	2
gateway	2
gather	2
gathered	13
gave	109
gay	4
gaze	3
gazed	6
gazing	2
geese	12
general	1
gentle	4
gentleman	4
gently	5
german	1
get	122
gets	5
getting	9
ghost	2
giant	31
giants	16
gift	8
gifts	4
gilded	2
girdle	4
girl	58
girls	19
give	147
given	44
gives	1
giving	5
glad	19
gladness	3
glared	1
glass	32
glasses	5
glassmountain	3
glee	1
glimmer	1
glitter	1
glittered	6
glittering	4
gloom	2
gloomy	3
glove	1
gnat	2
gnaw	1
go	276
goat	8
goats	2
goblet	2
gocome	1
god	15
godchildren	1
godless	2
godmother	6
gods	1
goes	9
going	75
gold	89
golden	92
goldsmith	4
gone	67
gonebut	1
good	206
goodbye	28
goodfornothing	4
goodness	3
goods	7
goose	23
goosegirl	3
goosegrease	1
gore	1
gorged	1
gossip	2
got	109
gothel	2
gown	2
goyou	1
grace	1
gracious	3
graciously	1
gradually	1
grain	4
grand	4
grandfather	3
grandmother	23
grandmothers	3
grandson	2
granite	2
grant	7
granted	4
grasped	1
grass	6
grasshopper	2
grated	1
grateful	1
grave	8
gravely	1
grazed	1
grease	2
great	152
greater	4
greatest	5
greatly	9
greatness	1
greedily	1
greediness	2
greedy	3
green	14
greens	1
greenwood	5
greeted	1
greeting	1
grete	5
gretel	95
gretels	1
grew	34
grey	10
greybeard	1
greyhaired	1
grief	10
grieved	19
grieves	1
griffin	4
griffins	1
grim	2
grinder	5
grindstone	1
grinned	1
grislybeard	11
groaned	1
groom	3
groped	2
ground	38
grounds	1
grove	2
grovehast	1
grow	7
growing	4
growled	2
growler	2
growling	2
grown	10
grows	4
grumbling	3
grunted	1
guard	3
guarded	1
guarding	1
guards	7
gudgeons	2
guess	3
guest	17
guests	7
guide	1
guiltless	1
guilty	1
gulp	1
ha	3
habit	1
hack	3
had	839
hadst	3
hailing	1
hair	56
hairy	1
half	23
halfdone	4
halffrozen	1
halfhour	1
halfnaked	1
halfpence	1
halfshut	1
halfway	3
hall	5
halted	1
ham	1
hand	74
handed	3
handful	5
handkerchief	7
handling	1
hands	25
handsome	15
handsomely	1
handsomer	1
handsomest	1
hang	5
hanged	3
hangest	3
hanging	10
hangman	1
hangs	2
hans	122
hansel	45
hansels	1
happen	7
happened	51
happening	1
happens	4
happiest	1
happily	12
happiness	4
happy	25
hard	29
hardest	1
hardly	11
hare	3
hares	1
hark	5
harm	14
harmed	1
harness	3
harnessed	5
harshly	1
has	131
hast	2
haste	16
hasten	1
hastened	7
hastening	1
hastily	2
hasty	1
hat	13
hatched	1
hatchet	6
hatching	1
hate	1
hated	2
hath	7
haughtily	2
haughty	1
haunted	2
have	502
having	19
havoc	1
hawk	1
hay	9
haycart	2
hayloft	2
hazardous	1
hazel	1
hazelswitch	1
hazeltree	10
he	2088
head	117
heads	14
healed	1
healing	1
health	3
healthy	1
heap	6
heaped	1
hear	23
heard	111
hearing	9
hearken	7
hears	1
hearse	3
heart	70
hearth	8
heartily	5
hearts	6
hearty	2
heat	5
heated	3
heath	3
heaven	19
heavenborn	1
heavens	9
heavier	1
heaviest	1
heavily	2
heavy	26
hedge	5
heed	2
heel	2
heels	4
height	1
heinel	17
heinrich	1
heir	4
held	35
hell	1
helmet	1
help	45
helped	8
helpless	1
hen	2
hence	3
henceforth	3
her	1114
herbs	2
herd	1
here	101
herespeak	1
hereupon	1
herewhy	1
hereyou	1
hero	4
heroic	1
herself	91
herso	1
hes	1
hew	2
hewed	1
hewing	1
hi	2
hick	3
hid	11
hidden	11
hide	6
hideous	2
hiding	4
hidingplace	1
hie	1
high	22
higher	8
highest	2
highway	1
hill	14
hillock	1
hills	13
him	881
himself	171
hind	2
hinder	1
hinges	1
hired	1
his	1034
hissed	1
hit	7
hither	9
hitherto	1
ho	1
hoarse	1
hob	1
hobbled	1
hobblety	3
hobgoblin	2
hoe	1
hoes	1
hold	31
holding	4
hole	14
holes	4
holiday	1
holiness	1
holle	10
holles	1
hollow	3
home	180
homesick	2
homewards	7
honest	7
honey	5
honour	1
honourable	1
honourably	1
hood	1
hoofs	1
hook	1
hooks	1
hop	2
hope	5
hoped	4
hopped	4
hopping	2
horn	3
hornet	1
hornets	1
horns	1
horribly	2
horrid	1
horror	3
horse	86
horseback	3
horseman	4
horsemen	6
horsepond	1
horses	22
host	3
hostess	1
hosts	1
hot	4
hounds	2
hour	15
hours	8
house	108
housedoor	8
household	3
housekeeping	1
houses	2
housetop	1
housework	1
hovering	1
how	179
however	120
howl	3
howling	3
howsoever	1
hug	1
huge	3
hugged	2
hullo	1
human	2
humming	2
humpbacked	1
hunchback	1
hundred	22
hung	14
hunger	15
hungry	14
hunt	3
hunter	1
hunters	1
hunting	9
huntsman	39
huntsmen	22
huntsmens	2
hurrah	1
hurricane	1
hurried	3
hurry	6
hurrying	2
hurt	12
hurting	1
hurts	1
husband	47
hush	2
hut	6
i	1063
ice	1
ichabod	1
idea	5
idle	7
if	327
ill	50
illbehaved	1
illluck	2
illso	1
illtreated	1
illtreatment	1
illuminated	1
ilsabill	12
im	5
image	1
imagine	4
immediately	13
immense	1
imp	1
impatience	1
impatient	2
impetuous	1
impossible	3
in	1150
inclination	2
increased	1
indeed	19
indoors	1
industrious	3
industry	2
influenced	1
informed	3
ingratitude	1
inherited	1
injury	4
inn	9
innkeeper	1
innocence	2
innocent	4
inns	3
inquire	1
inquired	7
insects	1
inside	17
insignificant	1
insisted	1
insists	1
insolence	1
inspected	2
instant	3
instantly	3
instead	9
insulted	2
intend	1
intended	3
intending	1
intent	2
intention	2
interrupted	1
intertwined	1
into	479
invisible	4
invite	1
invited	5
involuntarily	1
inward	1
iron	25
is	465
it	1303
itbut	1
itit	1
its	49
itself	11
itwe	1
itwill	1
ive	1
jack	2
jacket	1
jailer	1
jam	4
jams	2
jeered	2
jemmy	1
jeremiah	1
jewels	7
jib	3
jingling	2
jip	4
job	4
jogged	5
john	1
join	1
joined	2
joint	1
joke	6
jokes	1
jollily	2
jorinda	11
jorindel	11
journey	17
journeyed	7
journeying	2
journeys	2
joy	29
joyful	2
joyfully	4
joyously	2
judge	11
judged	2
jug	10
juiciest	1
jump	3
jumped	22
jumping	5
junipertree	17
just	90
justice	3
kate	5
keen	1
keep	43
keeping	4
keeps	2
kehrewit	1
kept	19
kerchief	8
kettle	5
key	9
keys	2
kick	1
kicked	3
kicks	1
kid	4
kids	9
kill	29
killed	31
kills	1
kind	26
kindly	8
kindness	5
kinds	8
king	272
kingdom	39
kingdoms	1
kings	94
kingthe	1
kinsmen	1
kiss	4
kissed	9
kitchen	27
kitchenboy	1
kitchenmaid	3
knave	1
kneaded	1
knee	1
knees	9
knelt	1
knew	56
knife	17
knight	6
knights	4
knit	1
knives	1
knock	4
knocked	22
knocking	4
knocks	2
know	90
knowall	5
knowing	12
knowledge	2
known	8
knows	12
korbes	4
korbess	1
krr	2
kywitt	16
labour	1
laboured	1
labourers	1
lace	3
laced	1
laces	3
lack	1
lackaday	1
lacking	1
lad	3
ladder	4
laden	1
ladies	3
lads	1
lady	34
ladys	2
laid	65
lain	2
lair	3
lake	8
lamb	3
lambs	3
lame	1
lament	2
lamentations	2
lamented	1
lamenting	2
lamp	2
lamps	2
land	30
landed	1
landlord	3
landlords	1
landmark	2
lands	1
language	2
languages	1
lap	6
large	38
larger	7
lass	1
last	147
lasted	2
latch	2
late	14
later	3
lathe	2
latter	3
laugh	9
laughed	19
launched	1
laws	1
lay	82
laying	2
lazily	1
lazy	8
lead	3
leading	3
leads	1
leaf	1
leafhast	1
league	2
leagues	1
lean	1
leaned	1
leant	1
leap	3
leaped	1
leapt	7
learn	24
learned	2
learning	4
learnt	18
least	6
leather	4
leathern	3
leave	49
leaves	7
leaving	1
led	40
left	80
leg	10
legitimate	1
legs	18
leisure	2
leisurely	1
length	28
lent	2
lentils	2
less	5
lest	4
let	158
lets	1
letter	2
letters	3
letting	5
liberty	3
lick	1
licked	2
licking	1
lid	6
lie	32
lied	1
lies	10
life	59
lifeless	1
lift	6
lifted	18
light	40
lighted	8
lighten	1
lighthearted	3
lightning	5
lightnings	1
lights	3
like	124
liked	15
likely	5
likes	4
likewise	23
liking	2
lily	10
limb	1
limbs	2
limetree	1
limped	3
lina	12
line	3
linen	1
linger	4
lingering	1
linnets	2
lion	27
lions	5
lips	12
liquid	1
liquor	1
listen	15
listened	15
listeners	1
listening	3
lit	2
little	396
live	39
lived	47
livedtill	1
livelihood	3
lives	13
living	5
lo	2
load	5
loaded	2
loaf	8
loaves	4
lock	7
locked	6
locks	7
lodging	5
loft	1
lofty	1
log	3
logs	1
loins	1
lonely	4
long	146
longed	5
longer	49
longing	2
look	71
looked	113
looking	38
lookingglass	1
looks	8
loose	2
loosened	1
lord	27
lose	8
loss	7
lost	31
lot	2
lots	1
loud	16
louder	2
loudly	8
love	17
loved	24
lovelier	4
loveliest	1
lovely	4
lover	2
loves	1
low	4
lower	2
luck	24
luckily	4
lucky	14
lumberroom	1
lump	3
lurch	1
lustily	1
lying	34
mad	3
madam	4
made	118
madman	1
magic	4
magical	1
magnificence	1
magnificent	1
magnificently	2
maid	17
maiden	27
maidens	5
maids	3
main	1
majesty	3
make	79
makes	9
making	18
malice	2
man	219
manage	4
managed	9
manages	1
managing	1
manikin	11
mankind	2
manner	5
mans	7
mantle	4
many	55
manyleague	1
map	2
maps	4
marble	4
marched	2
mark	4
marked	3
market	4
marleen	14
marriage	8
marriagefeast	1
married	28
marry	18
marrying	1
marsh	1
marshal	1
masons	1
mass	3
master	49
masterpiece	1
masters	5
mat	1
match	3
mate	1
matter	24
matters	2
may	83
mayor	11
maypole	1
me	453
meadow	11
meadows	5
meagre	1
meal	10
mean	7
meaning	6
means	5
meant	6
meantime	18
meanwhile	6
meat	14
meats	3
meddle	2
meddling	1
medicine	1
meek	2
meet	7
meeting	2
meets	2
melancholy	1
melted	2
memy	1
men	29
menial	1
mens	1
merchant	13
merciful	1
mercilessly	1
mercy	8
mercys	1
merely	2
merrily	10
merriment	1
merry	27
merrymaking	1
messenger	3
messengers	4
met	39
mewed	1
meyou	1
miau	1
mice	7
midday	2
middle	19
midges	1
midnight	9
midst	8
might	86
mightily	1
mighty	6
mile	1
miles	5
military	1
milk	10
milkfaced	1
milking	2
milkpail	1
mill	11
miller	26
millers	12
milletseed	2
millstone	6
mind	28
minds	3
mine	14
minute	2
minutest	1
miraculous	1
mischance	2
mischief	4
miser	18
miserable	5
miserably	3
misery	3
misfortune	6
misfortunes	3
mishap	1
miss	6
missed	7
missing	5
mist	2
mistake	1
mistaken	2
mistook	1
mistress	6
mite	1
mixed	1
moaned	1
moaning	2
mocked	2
mocking	1
mockingly	2
modestly	1
moist	1
moment	21
money	48
monster	3
monsters	1
month	5
months	2
mood	1
moon	20
moonlight	1
mop	1
more	142
moreover	1
morning	100
mornings	2
morrow	3
morsel	2
morsels	1
mortal	1
moss	4
most	31
mother	143
mothers	10
motion	1
motionless	1
motions	1
mount	1
mountain	20
mountains	12
mounted	7
mounts	1
mournd	1
mourned	3
mourners	1
mournful	1
mournfully	2
mourning	1
mouse	31
mousehole	2
mouseholeand	1
mousehunter	1
mouses	1
mouth	18
mouthful	3
mouthfulshe	1
mouths	1
move	15
moved	3
movements	1
moving	2
mr	20
mrs	12
much	97
muddy	1
mumbled	1
murder	3
murdered	1
murderers	7
murdering	1
murderous	1
music	4
musician	5
musicians	3
musing	1
mussel	1
must	166
mutter	1
muttered	2
muttering	1
my	371
myself	33
mysterious	2
nag	2
nail	3
nailed	2
nails	2
naked	2
name	20
named	3
names	5
nap	1
narrow	2
narrower	2
nasty	3
natural	1
naught	1
naughty	1
nay	4
near	38
nearer	9
nearly	4
neat	4
neatly	1
necessity	1
neck	21
necklace	3
necks	1
need	15
needed	2
needful	1
needle	15
needles	1
neglected	1
neigh	1
neighbour	1
neighbourhood	2
neighbouring	1
neighbourly	1
neighbours	2
neither	16
nest	9
nestled	1
net	1
never	102
nevertheless	6
new	10
newlybuilt	1
newlycoined	1
newmade	1
news	4
next	84
nibble	2
nibbled	1
nibbling	1
nice	10
nicely	3
nickname	1
nigh	2
night	95
nightingale	3
nightingales	1
nights	7
nighttime	1
nightwind	6
nimble	2
nimbly	4
nine	5
ninepins	2
ninth	1
no	310
noble	6
nobleman	1
noblemans	1
nobles	1
nobody	16
nodded	2
noise	17
noises	1
noisetap	1
none	16
nonsense	3
noon	6
nor	21
nose	3
nosegay	2
nostrils	1
not	706
note	2
nothing	123
notice	2
noticed	3
now	222
nowhere	8
nowlike	1
nowodd	1
nudged	2
number	3
numbers	1
nurse	3
nut	7
nuts	11
nutshell	2
nutshells	1
nuttree	2
nuttrees	1
o	14
oak	1
oaktrees	1
obedient	1
obeyed	1
objection	2
obliged	13
observe	1
observed	2
observing	2
obstacle	1
occasion	2
occurred	3
oclock	11
odd	5
odious	1
oer	5
of	1356
off	196
offer	4
offered	7
office	1
officers	1
often	7
oh	52
oho	1
old	203
older	2
on	627
once	145
one	401
ones	11
oneself	1
only	117
ontap	1
onwards	2
open	55
opened	36
opening	1
opinion	1
opportunities	1
opportunity	3
opposed	1
opposite	3
opposition	2
or	126
order	17
ordered	26
ordering	1
orders	1
other	130
others	23
otherwise	6
ought	18
ounces	1
our	46
ourselves	7
ourselveswe	1
out	470
outdoing	1
outer	1
outside	24
outskirts	2
outwitted	1
oven	7
ovenful	1
over	146
overcome	7
overflowing	1
overhung	1
overjoyed	7
overlooking	1
overnight	1
overrun	1
overset	3
overspread	1
overtake	3
overtook	6
overwhelmed	2
owe	1
owl	4
own	58
owner	1
oxen	5
pace	1
paces	3
packed	2
pages	1
paid	14
pail	2
pails	1
pain	4
pains	3
paint	1
painted	3
painter	2
pair	10
pairs	1
palace	32
pale	8
paltry	1
pan	4
pancakes	1
pane	1
panes	1
pans	1
pant	1
pantaloons	3
panting	1
pantry	2
parched	1
pardon	3
parents	3
park	1
parley	1
parlour	6
parson	11
parsons	4
part	15
parted	5
particulars	1
partlet	19
partlets	1
partner	2
partnership	2
party	2
pass	25
passage	1
passages	1
passed	35
passes	1
passing	9
passion	5
password	1
past	1
pasture	1
patch	2
path	14
paths	1
patience	1
patient	1
patted	1
paused	1
paw	1
paws	6
pay	10
payment	1
peace	16
peaceably	1
peacefully	2
pearl	2
pearls	13
pears	1
peartree	2
peas	19
peasant	50
peasants	10
pebbles	5
pebblestones	1
peck	3
pecked	8
pedlar	1
pedlars	2
peel	1
peeling	1
peep	2
peeped	6
peering	1
peers	1
pelting	2
pennies	1
penny	4
people	42
perceived	4
perceiving	1
perch	2
perched	8
perching	1
perfect	1
perfectly	1
perform	5
performed	1
perhaps	15
peril	2
perish	2
perished	1
persistent	1
person	2
persons	1
persuaded	1
pertains	2
pick	22
pickaxe	8
picked	15
picking	4
piebald	1
piece	39
pieces	22
pierced	3
pig	17
pigeon	2
pigeonhouse	3
pigeons	3
pigsty	6
pile	2
pillow	12
pillows	2
pin	7
pinafore	2
pincers	1
pinch	1
pinched	4
pined	1
pink	3
pipe	7
pitch	3
pitcher	2
pitchers	1
piteous	2
piteously	1
pitied	3
pitiful	1
pitiless	1
pity	18
pityfor	1
pitys	1
place	40
placed	17
places	1
plague	2
plagued	2
plain	1
plan	6
plane	1
planed	1
plank	1
planks	3
plant	2
planted	4
plashas	1
plashfrom	1
plate	11
plates	5
play	13
played	12
playing	7
plaything	1
playthings	1
pleasant	4
pleasantly	1
please	17
pleased	27
pleasehowever	1
pleases	2
pleasure	3
plenty	15
plight	1
plot	4
ploughed	2
pluck	3
plucked	7
plucking	1
plume	1
plumes	1
plump	3
plunge	1
plunged	1
ply	1
pocket	29
pockethandkerchief	2
pockets	2
pocketsful	1
point	4
pointed	3
poison	2
poisoned	6
poke	1
poked	1
polish	1
polished	1
politely	1
polluted	2
pomp	4
pond	2
ponder	1
poodle	3
pool	1
poor	90
pope	16
popped	2
porch	2
possess	1
possessed	1
possession	2
possible	6
possibly	1
pot	14
pots	2
poultry	1
pounce	1
pound	1
poured	2
pouring	1
poverty	1
power	14
powerful	2
praised	1
pray	26
prayed	7
prayers	1
precious	6
precipice	1
prepare	3
prepared	1
presence	3
present	5
presented	1
presently	12
presents	5
pressed	2
pretend	3
pretended	3
pretending	1
prettier	2
prettiest	2
prettily	2
pretty	26
prevent	4
previous	1
prey	2
price	4
prick	1
pricked	4
pride	2
priest	2
prince	63
princes	13
princess	101
princesses	18
princesss	2
principal	1
print	1
prison	1
prisoner	7
prisoners	1
prithee	1
prize	7
proceeds	1
procession	1
proclaim	1
proclaimed	1
procure	2
produce	1
profit	1
project	1
promise	10
promised	14
promising	1
pronounce	1
proof	1
proper	1
properly	6
property	2
prophecy	2
prophesy	1
proposal	2
proposed	1
proposition	1
prospered	1
proud	7
prove	3
proved	1
provide	2
provided	1
provision	2
provisions	1
prudently	1
pry	1
prying	2
public	1
publichouse	1
pudding	2
puddings	2
puddle	1
puffed	1
pull	8
pulled	19
pulling	4
punish	4
punished	2
punishment	2
pure	4
purest	1
purple	2
purpose	4
purse	4
pursue	2
pursued	3
pursues	1
pursuit	1
push	4
pushed	13
puss	1
put	135
puts	3
putting	2
quacking	1
quails	1
qualities	1
quarrel	3
quarrelling	1
quarter	3
quarters	5
queen	74
queens	3
queer	2
quench	2
quick	6
quicker	1
quickly	28
quiet	7
quieted	1
quietly	12
quilt	1
quilts	2
quite	89
rabble	1
rack	2
ragamuffin	1
rage	14
raging	2
rags	3
rain	4
rained	1
raise	2
raised	7
rake	3
rampion	7
ran	119
rang	5
ranged	1
rankkings	1
ransom	1
rap	2
rapid	1
rapidity	1
rapping	1
rapunzel	24
rapunzels	1
rare	1
rarest	1
rascal	4
rascally	1
rascals	2
raspberry	1
rate	10
rather	6
rattled	2
ravaging	1
raven	17
ravens	12
ray	2
rays	3
reach	10
reached	23
reaching	1
read	8
readily	1
ready	37
real	6
reality	2
really	16
reappeared	1
reared	1
reason	9
receive	2
received	10
receives	1
recital	1
reckoned	1
reckoning	1
recognize	1
recognized	5
recover	1
recovered	1
red	42
redcap	27
redhot	1
reeds	2
reel	4
reflected	1
reflection	1
refresh	2
refuse	3
refused	7
regarded	1
reigned	7
rejoice	2
rejoiced	8
rejoicing	5
related	2
relations	1
released	1
relented	1
remain	6
remainder	1
remained	21
remaining	1
remains	1
remarked	1
remarks	1
remember	4
remembered	3
remembrance	1
remorse	1
removed	1
rendered	1
renders	1
renewed	1
renowned	1
repaid	1
repair	1
repay	1
repeat	2
repeated	1
repent	1
repented	1
replied	44
reply	2
report	1
repose	1
reproached	1
request	4
require	4
required	2
resembled	1
resist	2
resolved	2
resound	1
respect	3
respectable	2
rest	44
rested	4
resting	1
restingplace	1
restore	1
restored	1
restrained	2
resumed	1
retinue	1
retire	2
return	22
returned	12
returning	1
revealed	3
revenge	6
reverence	1
revived	1
reward	11
rib	1
ribbons	1
rich	21
richer	2
riches	4
richly	3
rick	1
rid	8
ridden	1
ride	10
rider	1
ridges	1
ridiculed	1
riding	7
right	44
rightall	1
rightdid	1
righthand	1
rim	1
ring	35
ringdove	1
ringing	1
rings	2
rip	1
ripe	6
ripest	1
rise	4
risen	3
rises	1
rising	3
risk	1
river	14
rivers	1
road	28
roadside	2
roam	1
roamed	1
roaming	2
roams	1
roar	1
roared	2
roaring	4
roast	10
roasted	2
roasts	1
rob	1
robbed	3
robber	3
robbers	15
robbery	1
robbing	1
robes	2
rock	8
rocking	1
rocks	6
rod	2
rode	35
rodscount	1
roe	2
rogue	1
roguery	4
rogues	2
roguish	1
roland	13
rolands	2
roll	3
rolled	19
rolling	3
rolls	2
rome	2
roof	16
roofs	1
room	48
rooms	4
roots	4
rope	11
ropemakers	1
rose	27
rosebush	2
rosered	18
roses	5
rosetree	2
rosetrees	3
rosy	4
rough	5
roughlooking	1
round	85
roused	1
roved	1
roving	1
row	2
rowed	1
rowing	2
rows	1
royal	21
rub	1
rubbed	2
rude	1
rue	5
rueful	1
ruin	1
ruled	1
rumbles	1
rumpelstiltskin	3
rumplestiltskin	1
run	55
runaway	1
running	18
runs	3
rushed	3
rushes	2
rushing	1
rushlight	1
rustling	2
rusty	1
sack	14
sackful	1
sacks	2
sacksful	1
sad	13
sadder	1
saddle	4
sadly	20
sadness	1
safe	21
safeguard	1
safely	7
safer	1
safety	3
said	1162
sail	2
sailed	3
sailing	1
sake	8
salad	18
sale	1
salt	5
salted	2
same	41
sand	1
sands	1
sang	15
sank	3
sanna	2
sashes	1
sat	125
satisfied	12
satisfy	1
sausage	12
sausages	3
savage	1
savagely	1
save	15
saved	14
saves	1
saving	3
saw	183
say	54
saying	27
says	12
scalded	1
scampered	1
scanty	1
scarcely	19
scarlet	3
scattered	4
scenes	1
scent	4
school	3
schools	1
scissorgrinder	1
scissors	5
scolded	8
scolding	1
scorches	1
scorching	1
scorned	2
scornfully	1
scoundrel	1
scour	1
scrambled	2
scrape	2
scratch	1
scratched	5
scream	4
screamed	10
screaming	9
screams	1
screw	1
screwed	1
sculliongirl	1
scythe	3
sea	28
sealed	1
seam	2
search	14
searched	6
searcher	1
seas	1
seashore	4
seaside	1
seat	4
seated	7
seawater	2
second	44
secondly	1
secret	5
secretly	3
see	155
seed	2
seeing	20
seek	13
seeking	7
seeks	3
seem	9
seemed	24
seemly	2
seems	6
seen	45
sees	4
seize	2
seized	27
seizing	1
selfdenial	1
sell	12
send	9
sense	1
senseless	3
sensible	1
sensibly	1
sent	44
sentence	1
sentenced	3
separate	2
separated	1
serious	1
servant	33
servantmaid	2
servants	17
serve	5
served	9
service	9
services	1
set	116
setting	5
settle	2
settled	8
seven	54
seventh	6
several	4
sew	2
sewed	5
sewn	2
sexton	9
sextons	1
shabby	7
shade	6
shady	1
shake	13
shakes	1
shaking	2
shall	169
shalt	2
shame	6
shape	4
shapes	1
share	5
shared	2
sharing	1
sharp	7
sharpened	1
sharpening	2
sharply	1
shaved	1
she	1228
shed	1
sheep	10
sheeps	1
sheer	1
shelf	3
shell	1
shells	1
shelter	4
shepherd	22
shepherds	6
shes	3
shewed	1
shift	2
shines	1
shinest	2
shining	9
ship	9
ships	2
shirt	1
shirtsleeves	1
shiver	1
shivering	1
shocked	2
shoe	15
shoeleather	1
shoemaker	8
shoemakers	2
shoes	26
shone	11
shook	13
shoot	9
shooting	1
shop	4
shopkeeper	1
shore	11
short	17
shot	10
should	172
shoulder	9
shoulders	11
shout	1
shouting	2
shovels	1
show	19
showed	18
shower	2
shown	2
shrank	1
shrewd	1
shrill	1
shrivelled	1
shrubs	1
shudder	34
shuddered	1
shudderif	1
shuddering	4
shut	26
shutting	1
sick	6
sickle	1
sickness	2
side	57
sides	6
sift	1
sighed	6
sighing	3
sight	15
sign	2
signal	3
signed	1
signs	1
silence	2
silenced	1
silent	2
silently	1
silk	4
silken	4
silly	12
silver	24
silvery	5
simple	2
simplehearted	1
simples	1
simpleton	3
simpletons	1
sin	3
since	9
sing	25
singer	1
singing	19
single	6
sings	2
sink	1
sinking	1
sinner	2
sir	7
sister	30
sisters	10
sit	31
sits	8
sitting	60
situated	1
situation	2
six	13
sixth	3
sixty	2
size	4
sizes	1
skein	1
skilful	3
skill	5
skin	13
skins	3
skip	1
skipped	1
skipping	1
skulls	2
sky	5
slaughterer	1
slaughterers	1
slaughterhouse	1
slave	1
slay	1
sleek	1
sleep	40
sleeper	1
sleepers	2
sleeping	22
sleeve	5
slender	1
slept	21
slew	1
slice	3
slip	2
slipped	15
slipper	8
slippers	3
slippery	1
slopping	1
slowly	2
sluggards	1
slut	1
slyly	4
smack	1
smacked	1
small	27
smaller	5
smallnay	1
smart	5
smell	3
smells	1
smelt	2
smiled	3
smiling	1
smite	1
smiths	1
smoke	7
smoking	1
smooth	2
smote	2
snailshell	1
snailshelland	1
snake	6
snap	1
snapped	2
snapping	1
snares	1
snarled	1
snatched	3
sneered	2
sniffed	1
snip	1
snips	2
snore	2
snored	3
snoring	7
snorted	1
snow	17
snowdrop	33
snowdrops	2
snowflakes	2
snowing	1
snowwhite	22
snuff	1
snug	3
so	726
sobbed	1
sock	1
soft	6
soften	1
softened	2
softly	12
sold	4
soldier	44
soldiers	12
sole	2
solemnized	2
soles	2
solid	1
solitude	2
some	137
somebody	4
someone	18
something	66
somethingindeed	1
sometimes	4
somewhere	2
son	111
song	16
sonhe	1
soninlaw	1
sons	16
soon	157
sooner	5
soot	4
soothe	2
soothsayer	1
sorcerer	1
sore	5
sorely	3
sorrow	4
sorrowed	2
sorrowful	13
sorrowfully	6
sorrows	2
sorry	11
sort	9
sorts	4
sought	10
soul	4
sound	14
sounded	1
sounding	2
soundly	4
soup	12
sour	3
south	2
sowed	1
sowhat	1
space	4
spacious	1
spangled	1
spare	5
spared	1
sparkled	5
sparkling	3
sparrow	28
sparrows	1
spat	2
speak	22
speaking	3
special	1
spectacles	1
speech	1
speed	1
spell	9
spellbound	1
spend	3
spending	1
spent	5
spice	1
spied	1
spies	1
spill	1
spilt	2
spin	10
spindle	10
spindles	1
spinning	3
spinningwheel	1
spinningwheels	5
spirit	4
spirited	1
spirits	5
spit	7
spite	3
spiteful	3
splash	1
splashed	1
splendid	5
splendour	1
split	2
spoil	1
spoiled	2
spoilt	1
spoke	17
spoken	5
spoon	2
spoonful	1
sport	2
spot	18
spots	1
sprang	44
sprawl	1
spray	1
spread	7
spring	17
springs	2
sprinkle	1
sprinkled	5
sprint	1
sprouted	1
spruce	1
sprung	1
spun	6
spurs	2
spy	1
squared	1
squeezed	3
squire	2
squires	2
squirrel	2
stab	1
stabbed	1
stable	9
stableboy	2
stables	4
stag	2
stained	1
stair	1
staircase	3
stairs	15
stall	5
stand	16
standing	40
stands	7
star	2
stared	1
stargazer	6
staring	1
starry	1
stars	10
starsup	1
start	2
started	6
starve	2
starving	1
state	1
stately	1
stationed	1
stay	25
stayed	12
staying	2
stays	1
steady	1
steak	10
steal	4
steed	1
steel	1
steep	1
stems	1
step	14
stepdaughter	4
stepmother	4
stepped	5
steps	13
stepsister	1
stick	5
sticking	3
sticks	3
stiff	1
still	127
stillness	1
sting	2
stipulated	1
stir	8
stirred	5
stirring	2
stitch	1
stitched	1
stitches	2
stitching	1
stock	5
stockings	3
stoke	1
stoked	1
stole	9
stolen	9
stomach	11
stone	33
stones	18
stood	79
stool	4
stoop	2
stooped	5
stop	16
stopped	16
stopping	1
stops	1
store	2
stored	2
storeroom	1
stores	1
stories	1
storm	6
stormy	1
story	8
stout	1
stove	6
straight	23
straitened	1
strange	18
strangely	1
stranger	1
strangers	3
strangle	1
strap	1
stratagem	1
straw	22
streak	2
stream	12
streamed	3
street	9
streets	4
strength	15
strengthen	1
stretch	4
stretched	19
strew	2
strewed	3
strewn	4
striding	4
strike	6
strikes	2
striking	1
string	3
stripes	3
stripped	1
stroke	6
strokes	1
stromberg	6
strong	8
stronger	6
struck	21
struggling	1
stuck	15
student	5
students	1
study	1
stuffed	1
stumbles	1
stump	1
stupid	5
sty	1
subdue	1
succeed	2
succeeded	1
successfully	1
successive	1
successor	1
such	76
suck	1
suckle	1
sudden	8
suddenly	16
suffer	9
suffered	1
sufficiently	1
suffocated	1
sugar	3
sugarloaf	2
suit	4
suitable	1
suited	3
suitor	3
suitors	3
suits	1
sulkily	2
sulky	2
sultan	15
sum	1
summer	3
summers	1
summertime	2
summon	1
summoned	9
summons	1
sun	47
sunbeams	1
sunday	3
sung	3
sunk	1
sunrise	1
sunshine	1
superior	1
supper	9
suppers	1
support	2
supported	2
suppose	6
supposed	1
sure	28
surely	9
surface	1
surprised	2
surrounded	2
suspected	1
suspecting	1
suspicion	1
suspicions	1
suspicious	1
swallow	2
swallowed	12
swam	3
swansall	1
swarming	1
sweat	1
sweep	4
sweeping	1
sweet	9
sweetheart	8
sweetly	1
swelling	1
swept	2
swiftly	2
swim	3
swimming	8
switzerland	1
sword	12
swords	1
swore	2
sworn	1
swung	3
syrup	1
table	41
tablecloth	1
tables	1
tablet	3
tablets	1
tacked	1
tail	19
tailor	66
tailoring	2
tailors	4
tails	6
take	169
taken	31
takes	8
taking	11
tale	7
talers	10
tales	2
talk	10
talked	1
talking	3
talks	1
tall	4
taller	2
tallest	2
tangled	1
tanheap	5
tap	4
tapped	3
tapping	2
tapplash	2
tarry	2
task	14
tasks	1
taste	9
tasted	9
tasting	2
taught	1
teach	4
tear	5
tears	13
tease	1
teeth	8
tell	68
telling	5
temptation	2
tempted	1
tempting	1
ten	4
tender	4
tenderly	1
terms	1
terrible	3
terribly	6
terrified	9
terror	2
test	3
than	103
thank	6
thanked	7
thankful	3
thanks	1
that	1139
thats	10
thatsome	1
thawed	1
the	6977
thee	37
their	237
them	377
themselves	42
then	674
thence	2
there	390
therefore	26
therein	3
theres	5
thereupon	13
these	41
they	842
thick	3
thicker	1
thickest	1
thicket	6
thickly	1
thief	9
thieves	12
thieving	1
thin	2
thine	5
thing	49
things	37
thingyou	1
think	47
thinking	25
third	50
thirdly	3
thirst	5
thirsty	13
thirteen	1
thirteenth	1
this	327
thither	18
thomas	1
thornbush	1
thorns	6
thoroughly	2
those	17
thou	48
though	21
thought	166
thoughtful	3
thoughtfully	1
thoughts	4
thousand	13
thousands	4
thread	4
threads	1
threaten	1
threatened	3
three	97
threelegged	5
threepence	2
threes	1
threshold	3
thresholds	1
threw	43
thrice	1
thriven	1
thriving	1
throat	5
throatand	1
throats	1
throne	5
through	80
throughout	4
throw	24
throwing	4
thrown	15
thrush	4
thrust	6
thrusts	1
thumb	5
thumbi	1
thunders	1
thunderstorm	1
thus	46
thy	29
thyself	1
tidings	2
tie	4
tied	8
ties	3
tight	3
tiled	2
till	124
tilling	1
tilt	2
time	199
times	18
timeyou	1
timothy	1
tiny	1
tired	28
tiredi	1
tiresome	1
tiresomeso	1
tis	2
to	2663
toadstool	1
toasted	1
tobacco	1
today	8
toe	2
toes	3
together	96
togetherjudge	1
token	5
told	100
tom	28
tomcat	1
tommy	1
tomorrow	16
tone	1
tongue	9
tonight	5
too	106
took	247
tooth	1
top	22
topmost	1
topoff	1
tops	1
torches	1
torchlight	1
tore	10
torment	1
torn	6
tornup	1
tossed	3
tossing	1
touch	4
touched	17
touching	1
towards	26
towel	2
tower	21
town	23
towns	1
track	4
trade	6
train	3
traitors	1
trample	1
trampling	1
trance	1
transformation	1
trap	2
trapdoor	2
travel	5
travelled	9
traveller	3
travellers	2
travelling	11
travels	1
treacherous	1
treachery	2
tread	3
treading	1
treasure	5
treasures	7
treat	3
treated	2
treatment	1
tree	88
trees	15
tremble	1
trembled	5
trembling	3
tremendous	1
tresses	2
trial	1
trick	4
tricked	1
tricks	3
tried	19
trifle	1
trifling	1
trim	1
trinkets	2
trip	2
tripped	1
trips	1
trod	1
troop	5
troops	1
trotted	3
trotting	3
trouble	26
troubled	2
troubles	4
troublesome	2
troubling	1
trough	5
true	39
truly	3
trumpets	2
trumpstoss	1
trunk	5
trust	2
trusted	1
trustfully	1
trusty	2
truth	9
try	38
trying	3
tu	3
tub	1
tugged	1
tugging	1
tumble	1
tumbles	1
tumbling	2
tune	7
turn	28
turned	44
turning	4
turninglathe	1
turnip	5
turnips	3
turns	1
turtledoves	5
tusks	1
twas	1
twelfth	3
twelve	43
twenty	3
twentyfour	1
twice	9
twig	4
twigs	1
twilight	1
twinkling	1
twins	1
two	144
tying	1
ugh	1
ugly	8
uglylooking	1
unable	9
unanimously	1
unawares	3
unbeaten	1
unbidden	1
unbolted	2
unbound	1
unbuttoned	1
uncertain	1
uncle	1
uncommon	1
unconsumed	1
uncouth	1
undecided	1
under	67
underground	1
underneath	10
understand	10
understanding	3
understood	1
undertake	4
undertook	1
underwood	1
undisturbed	1
undone	3
undoubtedly	1
undressed	1
uneasiness	1
uneasy	11
unexpected	1
unfastened	1
unfit	1
unhappily	1
unhappiness	1
unhappy	4
unharmed	1
unicorn	5
unkindly	2
unknown	8
unless	9
unlock	1
unlocked	1
unluckily	2
unlucky	6
unpack	1
unruly	1
unseen	1
until	60
unto	3
untrue	1
untying	1
unwilling	5
unwillingly	2
unwrapped	1
up	399
uphe	1
upon	198
upper	3
upright	2
uproar	3
upset	2
upside	1
upstairs	16
urchin	3
urged	2
urgent	1
us	78
use	24
used	11
useful	2
usual	8
uttered	1
utterly	1
vagabond	1
vagabonds	3
vain	19
valiant	2
valley	3
valleys	1
valour	1
valuable	2
value	3
vanished	4
vegetables	3
veins	1
velvet	1
vengeance	1
venomous	1
vent	1
venture	8
ventured	1
verily	1
vermin	1
very	229
vexation	1
vexed	5
victory	4
view	2
village	17
villages	1
villain	1
villains	1
vinegar	4
violent	3
violently	2
virtues	1
visible	1
visit	9
voice	25
voices	1
vowed	2
voyage	2
waddled	1
waddling	2
wager	1
wages	3
wagged	2
waggoner	4
wailing	1
waistcoat	1
wait	27
waited	18
waiting	10
waitingmaid	8
waitingmaids	1
wake	3
wakened	2
waking	1
walk	23
walked	30
walking	7
walkingsticks	1
wall	11
walled	1
wallface	1
walls	7
wand	8
wander	1
wandered	6
wanderer	1
wandering	1
want	52
wanted	56
wanting	3
wants	16
war	7
ware	1
wares	5
warlike	1
warm	15
warmed	5
warming	1
warn	1
warned	2
warrior	2
warriors	1
wars	2
was	1378
wash	6
washed	7
washing	1
washingbowl	2
washingday	1
wasnt	1
waste	1
wasteful	1
watch	19
watched	10
watches	1
watching	5
water	108
watered	1
waters	5
wave	2
waved	2
waves	7
waving	1
way	146
ways	1
we	195
weak	6
wealth	6
wear	6
wearer	3
weariness	3
weary	5
weather	7
weave	4
wedding	25
weddingfeast	1
weddingtorches	1
wedge	2
week	1
weeks	3
ween	2
weep	14
weeping	7
weigh	1
weighed	2
weight	1
weighty	1
welcome	2
welcomed	7
well	166
welladay	3
welldeserved	1
wellnigh	1
went	442
wept	26
were	342
wert	2
west	1
wet	1
wetted	1
what	420
whatever	15
whati	1
whats	5
whatsoever	4
wheel	7
wheelbarrow	2
wheels	8
when	647
whence	5
whenever	7
where	164
whereby	1
wherein	4
whereon	1
wheres	1
wheresoever	1
whereupon	1
wherever	6
wherewith	1
whether	20
whetted	1
which	189
while	69
whilst	12
whip	4
whirld	3
whirlwind	2
whirring	1
whispered	4
whispering	1
whistled	8
whistling	2
whit	1
white	65
whither	13
who	318
whoever	8
whole	50
whom	22
whose	16
whosoever	3
whu	3
why	57
wicked	21
wicket	1
wide	16
widespread	1
widow	3
wife	149
wifes	2
wights	1
wild	35
will	568
willbeat	1
willing	10
willingly	13
willow	2
willows	1
willowwren	8
willowwrens	1
wilt	3
wind	30
window	47
windowbars	2
windowframe	1
windowpane	1
windows	5
windowseat	2
winds	3
wine	42
wing	1
winged	1
wings	10
winter	7
winters	1
wipe	2
wiped	1
wisdom	7
wise	5
wiser	5
wisest	1
wish	42
wished	50
wishes	2
wishesone	1
wishing	5
wishingcloak	3
wishingring	1
witch	30
witches	1
witchs	3
with	703
wither	2
withered	2
within	16
without	52
withstand	1
wits	2
woebegone	1
woefully	1
woes	1
woke	2
wolf	68
wolfs	3
woman	96
womans	3
won	4
wonder	7
wondered	4
wonderful	11
wondrous	2
wont	8
woo	2
wood	80
woodaxe	1
woodcutter	1
wooden	4
woodman	10
woods	6
wooed	1
wooer	3
word	29
words	19
wore	3
work	65
worked	9
working	4
workmanship	1
workmen	1
works	1
workshop	3
worktable	1
world	62
worlds	1
worm	1
worn	5
worry	1
worse	10
worst	2
worth	6
worthy	2
would	265
wouldst	1
wound	2
wounded	9
wounds	1
wrapped	4
wreath	3
wreaths	1
wrens	3
wretch	21
wretched	2
wretchedly	2
wretchedness	1
written	2
wrong	3
wrongs	2
wrote	1
yard	5
yardmeasure	2
yards	2
ye	5
year	13
yearning	2
years	43
yelled	1
yellow	10
yepick	2
yes	52
yesterday	4
yet	48
yielded	3
yoked	1
yonder	3
you	1180
youbear	1
youll	1
young	76
younger	5
youngest	27
youone	2
your	234
youre	2
yours	3
yourself	31
yourselves	4
youth	42
youths	3
